Mode,AvgSINR,Energy (J),SuccessRate
Eco-Safe,-3.8859484478046458,50.00000000000045,0.866234309623431
Max-Power,-3.9514996835489353,50.00000000000045,0.5266945606694561
