Mode,AvgSINR,Energy (J),SuccessRate
Eco-Safe,-9.276661176870608,50.00000000000045,0.500878661087866
Max-Power,-8.635692643864099,50.00000000000045,0.6975732217573222
