Combination,SuccessRate,Handovers,SINR
Grp 0: Baseline,0.21370967741935482,10.0,5.79743702362217
Grp 1: MEC Only,0.9044354838709677,10.0,5.79743702362217
Grp 2: HO Only,0.21362903225806448,1.04,-14.214312343381339
Grp 3: Full IBN,0.39572580645161287,0.96,-14.015750150970813
