Combination,SuccessRate,Handovers,SINR
Grp 0: Baseline,0.21370967741935482,10.0,5.79743702362217
Grp 1: MEC Only,0.6453629032258064,10.0,5.79743702362217
Grp 2: HO Only,0.21370967741935482,2.74,-5.080511709236932
Grp 3: Full IBN,0.5428225806451613,2.7,-1.885663757803546
